17.0,0.016488,1.0,106.0,121.30034,26686.074721,167.0,167.0,3237029.9369227053
17.0,0.898405,17.0,8741.0,38.957931,22900.584926,550.857143,550.857143,892159.4074067482
17.0,0.02344,1.0,96.0,85.324232,15102.389078,129.0,129.0,1288599.749445538
6.0,0.08338,21.0,4432.0,563.684337,1107219.956824,1962.680851,1962.680851,624122547.2755051
17.0,0.020746,1.0,96.0,96.404126,16485.105563,123.0,123.0,1589232.1938187531
17.0,0.206696,11.0,7045.0,125.788598,82454.425823,605.730769,605.730769,10371826.623170165
6.0,12.13601,537.0,39006.0,100.115277,715251.553023,7143.492181,7143.492181,71607607.35557784
6.0,0.983305,10.0,3701.0,20.339569,9764.010149,476.35,476.35,198595.75814228578
17.0,0.018107,1.0,100.0,110.45452,35124.537472,268.0,268.0,3879663.926691774
17.0,0.021403,1.0,129.0,93.444844,22286.595337,174.0,174.0,2082567.4245570924
17.0,3.549543,13.0,7379.0,7.888339,4487.056503,522.607143,522.607143,35395.42280781852
17.0,0.019459,1.0,103.0,102.780205,22046.353872,163.0,163.0,2265928.7704667035
6.0,12.141585,119.0,11418.0,21.414008,29226.909007,1361.169231,1361.169231,625865.26329117
17.0,0.0172,1.0,94.0,116.27907,19244.186047,118.5,118.5,2237696.0564521365
17.0,0.3486,1.0,80.0,5.737235,1494.549627,220.5,220.5,8574.582429261345
17.0,0.02529,1.0,94.0,79.082641,13562.672993,124.5,124.5,1072571.9993058145
17.0,0.018079,1.0,117.0,110.625588,23341.999004,152.5,152.5,2582222.364912914
17.0,0.019691,1.0,103.0,101.569245,21786.603017,163.0,163.0,2212848.819551412
17.0,0.017664,1.0,103.0,113.224638,27060.688406,187.5,187.5,3063936.648800147
17.0,0.018729,1.0,103.0,106.786267,25521.917881,187.5,187.5,2725390.33719254
17.0,0.178684,1.0,80.0,11.192944,2781.446576,208.5,208.5,31132.575764159745
17.0,0.01705,1.0,96.0,117.302053,24398.826979,160.0,160.0,2862032.495428488
6.0,0.579909,16.0,4258.0,65.527522,71561.22771,1090.131579,1090.131579,4689229.923114035
17.0,0.017465,1.0,88.0,114.514744,16719.152591,102.0,102.0,1914589.4788553014
17.0,0.017601,1.0,88.0,113.629907,15908.187035,96.0,96.0,1807645.8133256559
17.0,0.021059,1.0,94.0,94.971271,17522.199535,137.5,137.5,1664105.5605545589
17.0,0.020061,1.0,117.0,99.695927,21035.840686,152.5,152.5,2097187.637415086
17.0,0.020449,1.0,94.0,97.804294,17458.066409,131.5,131.5,1707473.8597373602
6.0,3.26791,92.0,212653.0,53.551046,67197.995049,1246.462857,1246.462857,3598522.9239767715
6.0,0.982481,12.0,6890.0,23.410122,13085.240325,555.73913,555.73913,306327.0724075697
17.0,5.143837,10.0,3210.0,3.888148,823.509765,208.25,208.25,3201.9278457652204
6.0,1.419708,8.0,887.0,9.861183,1277.023163,100.428571,100.428571,12592.959105581831
6.0,1.170832,11.0,5295.0,17.08187,9506.060647,552.8,552.8,162381.29218416987
17.0,31.929524,66.0,38133.0,4.196743,2703.078192,634.432836,634.432836,11344.124480728655
17.0,0.021103,1.0,117.0,94.773255,19997.156802,152.5,152.5,1895195.6408709309
6.0,1.216145,11.0,5337.0,15.623137,9132.134737,580.631579,580.631579,142672.59209860998
17.0,0.049604,1.0,117.0,40.319329,7398.596887,125.0,125.0,298306.46202532883
6.0,11.919398,522.0,38016.0,97.068661,740416.168669,7626.929991,7626.929991,71871206.07544999
17.0,0.018006,1.0,102.0,111.074086,17882.927913,110.0,110.0,1986329.8729403624
6.0,1.225337,11.0,5143.0,17.138142,9013.030701,522.380952,522.380952,154466.60000409753
6.0,11.922364,129.0,12078.0,21.975508,29776.644967,1351.339695,1351.339695,654356.8996854683
6.0,0.046358,4.0,327.0,172.569999,15531.299884,76.875,76.875,2680236.40545058
17.0,0.02039,1.0,103.0,98.087298,23442.864149,187.5,187.5,2299447.2017564797
17.0,0.004308,4.0,1415.0,928.505107,416898.792943,353.75,353.75,387092658.349711
17.0,0.018694,1.0,117.0,106.986199,22574.087943,152.5,152.5,2415115.8649132983
17.0,0.015874,1.0,117.0,125.992188,26584.35177,152.5,152.5,3349420.6460639727
17.0,0.01672,1.0,103.0,119.617225,25897.129187,165.0,165.0,3097742.728815446
17.0,0.018456,1.0,117.0,108.365843,22865.192891,152.5,152.5,2477805.9029908217
17.0,0.022694,1.0,117.0,88.129021,18595.223407,152.5,152.5,1638778.8341351945
17.0,0.018405,1.0,102.0,108.666123,19342.569954,127.0,127.0,2101882.0857574684
17.0,0.021975,1.0,102.0,91.012514,15199.089875,116.0,116.0,1383307.3800356956
6.0,1.165706,10.0,3700.0,16.299135,8179.592453,497.947368,497.947368,133320.28163642815
6.0,1.199442,10.0,3700.0,17.508141,8059.581039,456.809524,456.809524,141108.28123173848
17.0,0.021786,1.0,117.0,91.802075,19370.237767,152.5,152.5,1778228.0202539666
6.0,1.24162,11.0,5295.0,16.107988,8964.095295,552.8,552.8,144393.53944271643
6.0,1.225326,10.0,3700.0,15.506078,7781.60261,497.947368,497.947368,120662.13703566359
17.0,0.016848,1.0,116.0,118.708452,26768.755935,167.5,167.5,3177677.5790096624
17.0,0.050196,1.0,117.0,39.843812,7311.339549,125.0,125.0,291311.6384585208
6.0,8.074862,463.0,33231.0,124.33649,883100.788596,7101.553785,7101.553785,109801652.37025867
6.0,11.899644,93.0,9702.0,15.798792,22450.251453,1415.920213,1415.920213,354686.8530536448
17.0,0.022905,1.0,103.0,87.31718,18773.193626,163.5,163.5,1639222.3270162945
17.0,0.051855,1.0,117.0,38.569087,7077.427442,125.0,125.0,272969.9147466855
17.0,0.016437,1.0,117.0,121.676705,25673.784754,152.5,152.5,3123901.5337459557
17.0,1e-06,1.0,250.0,1000000.0,500000000.0,250.0,250.0,500000000000000.0
17.0,0.212873,7.0,2170.0,32.883456,12110.507204,310.0,310.0,398235.330780417
17.0,0.206268,10.0,3381.0,48.480617,16885.799058,338.1,338.1,818633.9568698589
17.0,1e-06,1.0,250.0,1000000.0,500000000.0,250.0,250.0,500000000000000.0
17.0,0.020899,1.0,117.0,95.698359,20192.353701,152.5,152.5,1932375.1135332766
6.0,16.966688,11.0,12974.0,1.237719,815.53925,655.761905,655.761905,1009.40842497075
17.0,0.020445,1.0,103.0,97.823429,23330.887748,187.0,187.0,2282307.4411234483
6.0,3.483389,24.0,1627.0,13.779684,10867.577523,786.395833,786.395833,149751.78411244272
6.0,1.162365,10.0,3700.0,16.345984,8203.103156,497.947368,497.947368,134087.7929383255
6.0,12.030094,44.0,6480.0,7.148739,28549.569106,3982.488372,3982.488372,204093.41810125732
6.0,12.100509,578.0,41724.0,103.549363,706163.517584,6818.817239,6818.817239,73122782.4196625
17.0,0.003973,4.0,1415.0,1006.795872,452051.346589,353.75,353.75,455123429.6778465
6.0,9.801444,15.0,1033.0,3.060773,3734.857843,1216.6,1216.6,11431.552044692638
17.0,5.100953,2.0,146.0,0.784167,97.432774,106.5,106.5,76.40356608925799
17.0,0.019703,1.0,113.0,101.507385,20758.260163,148.0,148.0,2107116.7062958037
17.0,0.014958,1.0,113.0,133.707715,27343.227704,148.0,148.0,3656000.4970265366
17.0,0.017841,1.0,106.0,112.10134,24662.294714,167.0,167.0,2764676.2849143166
17.0,0.018037,1.0,94.0,110.883185,19016.466153,124.5,124.5,2108606.334489337
6.0,8.115501,18.0,3870.0,4.312734,21584.003255,4977.285714,4977.285714,93086.06469394917
6.0,0.988899,10.0,3701.0,18.202061,9575.295354,521.944444,521.944444,174290.1101265246
17.0,0.048019,1.0,113.0,41.65018,7392.906974,121.0,121.0,307915.9061903553
17.0,0.016161,1.0,101.0,123.754718,20481.405854,115.0,115.0,2534670.605705319
17.0,0.020918,1.0,129.0,95.611435,21273.544316,158.0,158.0,2033994.0995888533
17.0,1.005818,16.0,9932.0,34.797548,32115.154034,885.942857,885.942857,1117528.6140255085
6.0,3.314848,6.0,498.0,3.318403,298.656228,80.454545,80.454545,991.061722963884
6.0,8.136387,279.0,21096.0,75.094756,493969.743573,6576.381342,6576.381342,37094537.36499701
17.0,0.017989,1.0,103.0,111.179054,23847.907054,163.0,163.0,2651387.7461436465
17.0,6.452771,35.0,35823.0,9.608275,7429.056447,752.322581,752.322581,71380.41733329893
17.0,0.018061,1.0,103.0,110.73584,26798.073196,190.5,190.5,2967507.145740545
17.0,0.019338,1.0,113.0,103.423312,21150.067225,148.0,148.0,2187410.001432149
6.0,0.990889,10.0,3700.0,21.19309,9754.876681,456.761905,456.761905,206735.9794393343
17.0,0.018525,1.0,94.0,107.962213,17867.746289,118.5,118.5,1929041.4306829774
17.0,0.294919,11.0,6662.0,71.205992,57398.811199,744.47619,744.47619,4087139.291045504
17.0,0.019628,1.0,86.0,101.895252,16608.926024,120.0,120.0,1692370.7026648382
17.0,0.021784,1.0,86.0,91.810503,14414.24899,114.0,114.0,1323379.4501391419
17.0,0.017163,1.0,106.0,116.529744,19460.467284,114.0,114.0,2267723.270724895
17.0,0.020322,1.0,100.0,98.41551,31296.13227,268.0,268.0,3080024.8183795074
17.0,5.021908,1.0,71.0,0.597383,84.031806,117.0,117.0,50.199172363698004
17.0,0.129466,5.0,2561.0,69.516321,37623.777671,397.444444,397.444444,2615466.605809869
17.0,0.018199,1.0,90.0,109.896148,15715.149184,98.0,98.0,1727034.3605669432
17.0,0.049845,1.0,113.0,40.124386,8205.436854,148.0,148.0,329238.11562852166
6.0,0.990051,10.0,3701.0,19.190931,9630.816998,497.947368,497.947368,184824.34448224513
6.0,11.521712,49.0,9478.0,9.633985,44895.932132,4659.567568,4659.567568,432526.736720706
17.0,0.015759,1.0,113.0,126.911606,25953.423441,148.0,148.0,3293790.650095356
6.0,0.254724,5.0,369.0,35.33236,3179.912376,78.333333,78.333333,112353.80883728738
6.0,0.400823,15.0,6740.0,79.835738,29651.492055,369.09375,369.09375,2367248.7510120617
17.0,0.049712,1.0,113.0,40.231735,7141.132926,121.0,121.0,287300.1674786066
17.0,0.022466,1.0,90.0,89.023413,15668.120716,131.0,131.0,1394829.5814343237
17.0,0.020635,1.0,113.0,96.922704,19820.692997,148.0,148.0,1921075.1604231037
17.0,0.017741,1.0,113.0,112.733217,23053.942844,148.0,148.0,2598945.141338249
6.0,11.420699,601.0,45910.0,121.971519,740790.821998,6073.426418,6073.426418,90355381.82035469
17.0,0.004211,4.0,1415.0,949.893137,426502.018523,353.75,353.75,405131340.3116446
17.0,11.186025,34.0,16463.0,6.347206,4023.591937,629.309859,629.309859,25538.566884078024
6.0,0.99093,11.0,5240.0,22.201366,11308.568718,506.0,506.0,251065.6730444688
17.0,1e-06,1.0,429.0,1000000.0,858000000.0,429.0,429.0,858000000000000.0
17.0,0.004722,2.0,490.0,423.549343,121135.112241,245.0,245.0,51306697.20390681
6.0,0.99221,10.0,3700.0,19.149172,9608.852965,497.894737,497.894737,184001.57814949498
17.0,0.024365,1.0,90.0,82.084958,12230.658732,104.0,104.0,1003953.1083285533
6.0,1.051368,10.0,3701.0,19.022835,9131.911947,476.35,476.35,173714.85420230977
17.0,0.017593,1.0,113.0,113.681578,23247.882681,148.0,148.0,2642855.9883349505
6.0,1.046562,10.0,3700.0,19.110191,9172.891811,476.3,476.3,175295.7145305459
6.0,11.168548,58.0,3871.0,10.475847,9974.438933,951.205128,951.205128,104490.69617295124
17.0,15.012221,2.0,146.0,0.133225,14.721339,73.0,73.0,1.9612503882750003
6.0,15.496722,19.0,9622.0,2.323072,1155.47017,495.333333,495.333333,2684.2403987622397
6.0,0.085591,17.0,5309.0,467.338856,695517.052026,1486.4,1486.4,325042143.42232335
17.0,0.016425,1.0,113.0,121.765601,24901.065449,148.0,148.0,3032093.19993782
17.0,0.676494,18.0,8804.0,56.171969,30910.84326,516.236842,516.236842,1736322.929364579
6.0,11.860515,23.0,5086.0,4.384295,21730.506643,4938.019231,4938.019231,95272.95162237168
6.0,0.989068,11.0,3767.0,21.232109,9773.847703,456.809524,456.809524,207519.39977949564
6.0,0.018183,2.0,171.0,164.989276,20953.638014,92.0,92.0,3457125.5654959376
17.0,0.018501,1.0,113.0,108.102265,19188.151992,121.0,121.0,2074282.691499462
6.0,0.01605,2.0,178.0,249.221184,29158.878505,89.0,89.0,7267010.22512825
6.0,8.052086,264.0,20100.0,74.018087,466353.190962,6298.922819,6298.922819,34518571.06135292
17.0,0.151714,1.0,80.0,13.182699,3434.093096,220.5,220.5,45270.6156225461
6.0,1.171845,63.0,4746.0,106.669397,523158.779531,4903.176,4903.176,55805031.54782771
17.0,0.026362,1.0,113.0,75.866778,13466.353084,121.0,121.0,1021648.8198934434
17.0,0.020202,1.0,113.0,99.000099,21829.52183,164.0,164.0,2161124.8222926613
6.0,0.986984,10.0,3701.0,19.250565,9660.744247,497.947368,497.947368,185974.7850752496
6.0,0.021391,5.0,369.0,467.486326,39829.834977,74.7,74.7,18619903.218584023
17.0,0.540677,10.0,6519.0,42.539261,27371.24013,587.173913,587.173913,1164352.3277837439
17.0,5.00312,2.0,280.0,0.599626,85.946369,118.333333,118.333333,51.535677457994005
17.0,0.022894,1.0,80.0,87.359133,21708.744649,208.5,208.5,1896457.1110550293
6.0,6.770144,10.0,6414.0,2.80644,1096.431627,381.263158,381.263158,3077.0695752778797
